Ticker,Date/Time,Open,High,Low,Close,Pivot,R2,S1,R1,S2,R3,S3,ADX,RSI,composite,EMA1,EMA2,ADXs,MACD,Magic
Nifty 90's,31-01-1994,1083.74,1272.87,1082.8,1246.59,,,,,,,,,,,,,,,
Nifty 90's,28-02-1994,1229.93,1349.49,1195.39,1349.49,1200.75,1390.82,1128.64,1318.71,1010.68,1580.89,820.61,,,,,,,,
Nifty 90's,31-03-1994,1304.4,1304.4,1153.84,1177.11,1298.12,1452.22,1246.76,1400.86,1144.02,1606.32,989.92,,,,,,,,
Nifty 90's,29-04-1994,1182.33,1229.7,1147.98,1150.66,1211.78,1362.34,1119.17,1269.73,1061.22,1512.9,910.66,,,,,,,,
Nifty 90's,31-05-1994,1148.76,1210.82,1121.63,1187.19,1176.11,1257.83,1122.53,1204.25,1094.39,1339.55,1012.67,,,,,,,,
Nifty 90's,30-06-1994,1186.06,1318.56,1186.06,1249.44,1173.21,1262.4,1135.61,1224.8,1084.02,1351.59,994.83,,,,1231.29,,,,
Nifty 90's,29-07-1994,1262.06,1278.54,1241.22,1278.54,1251.35,1383.85,1184.15,1316.65,1118.85,1516.35,986.35,,,,1247.04,,,,
Nifty 90's,31-08-1994,1308.08,1373.29,1303.35,1373.29,1266.1,1303.42,1253.66,1290.98,1228.78,1340.74,1191.46,,,,1289.12,,,,
Nifty 90's,30-09-1994,1366.32,1384.94,1290.53,1290.53,1349.98,1419.92,1326.66,1396.6,1280.04,1489.86,1210.1,,,,1289.59,,,,
Nifty 90's,31-10-1994,1304.83,1326.63,1267.21,1267.21,1322,1416.41,1259.06,1353.47,1227.59,1510.82,1133.18,,,,1282.13,,,,
Nifty 90's,30-11-1994,1283.38,1283.38,1208,1245.75,1287.02,1346.44,1247.4,1306.82,1227.6,1405.86,1168.18,,,,1270,,,,
Nifty 90's,23-12-1994,1240.14,1240.14,1136.25,1182.28,1245.71,1321.09,1208.04,1283.42,1170.33,1396.47,1094.95,,,,1240.76,,,,
Nifty 90's,31-01-1995,1182.14,1182.14,1019.2,1071.23,1186.22,1290.11,1132.31,1236.2,1082.33,1394,978.44,,,,1184.25,,,,
Nifty 90's,28-02-1995,1061.76,1076.29,948.97,1014.72,1090.86,1253.8,999.57,1162.51,927.92,1416.74,764.98,,,,1127.74,,,,
Nifty 90's,31-03-1995,1027.68,1060.18,988.53,990.24,1013.33,1140.65,950.36,1077.68,886.01,1267.97,758.69,,29.17,,1081.91,,,,
Nifty 90's,28-04-1995,1005.37,1052.18,941.83,941.83,1012.98,1084.63,965.79,1037.44,941.33,1156.28,869.68,,26.66,,1035.21,,0.58,,
Nifty 90's,31-05-1995,908.64,997.4,908.64,997.4,978.61,1088.96,905.05,1015.4,868.26,1199.31,757.91,,33.72,,1022.61,,0.54,,
Nifty 90's,30-06-1995,1012.16,1016.21,961.23,961.23,967.81,1056.57,938.23,1026.99,879.05,1145.33,790.29,,31.59,,1002.15,,0.59,,
Nifty 90's,31-07-1995,938.5,1040.59,931.33,994.25,979.56,1034.54,942.9,997.88,924.58,1089.52,869.6,,35.6,,999.52,,0.54,,1
Nifty 90's,31-08-1995,993.5,1007.57,967.43,971.74,988.72,1097.98,936.86,1046.12,879.46,1207.24,770.2,,34.13,,990.26,,0.54,,0
Nifty 90's,29-09-1995,971.34,1018.88,960.68,1011.97,982.25,1022.39,956.92,997.06,942.11,1062.53,901.97,,38.97,,997.5,1134.17,0.57,,1
Nifty 90's,31-10-1995,1027.56,1044.31,985.77,988.26,997.18,1055.38,975.47,1033.67,938.98,1113.58,880.78,,37.23,,994.42,1120.28,0.65,,1
Nifty 90's,30-11-1995,1004.59,1004.59,822.54,862.1,1006.11,1064.65,967.92,1026.46,947.57,1123.19,889.03,,29.66,,950.31,1095.69,0.43,,0
Nifty 90's,29-12-1995,867.99,927.6,854.47,908.53,896.41,1078.46,788.23,970.28,714.36,1260.51,532.31,,34.91,38.67,936.38,1077.86,0.43,,0
Nifty 90's,31-01-1996,913.11,913.11,813.12,848.42,896.87,970,866.13,939.26,823.74,1043.13,750.61,,31.62,31.14,907.06,1056.01,0.39,,0
Nifty 90's,29-02-1996,848.28,1067.49,848.28,992.51,858.22,958.21,803.32,903.31,758.23,1058.2,658.24,,45,54.4,935.55,1049.96,0.76,,1
Nifty 90's,29-03-1996,994.66,1010.5,945.07,985.3,969.43,1188.64,871.36,1090.57,750.22,1407.85,531.01,,44.53,64.63,952.13,1043.81,0.76,,1
Nifty 90's,30-04-1996,988.33,1160.16,988.33,1114.36,980.29,1045.72,950.08,1015.51,914.86,1111.15,849.43,,53.82,89.04,1006.21,1050.52,1.18,,1
Nifty 90's,31-05-1996,1141.65,1141.65,1046.95,1089.92,1087.62,1259.45,1015.07,1186.9,915.79,1431.28,743.96,,52.04,90.59,1034.11,1054.28,1.18,,1
Nifty 90's,28-06-1996,1098.18,1203.11,1098.18,1122,1092.84,1187.54,1044.03,1138.73,998.14,1282.24,903.44,,54.18,92.5,1063.41,1060.73,1.37,,1
Nifty 90's,31-07-1996,1121,1127.08,999.03,1042.81,1141.1,1246.03,1079.08,1184.01,1036.17,1350.96,931.24,23.13,48.44,75.83,1056.54,1059.02,1.02,,0
Nifty 90's,30-08-1996,1047.47,1054.29,968.76,1029,1056.31,1184.36,985.53,1113.58,928.26,1312.41,800.21,21.69,47.49,71.83,1047.36,1056.16,0.94,,0
Nifty 90's,30-09-1996,1028.91,1046.51,932.27,943.96,1017.35,1102.88,980.41,1065.94,931.82,1188.41,846.29,20.7,42.05,42.2,1012.89,1045.48,0.86,,0
Nifty 90's,31-10-1996,944.51,956.45,850.52,909.29,974.25,1088.49,901.98,1016.22,860.01,1202.73,745.77,20.48,40.03,34,978.36,1032.51,0.7,,0
Nifty 90's,29-11-1996,910.32,915.39,822.17,830.32,905.42,1011.35,854.39,960.32,799.49,1117.28,693.56,20.5,35.82,6.09,929.01,1013.25,0.66,,0
Nifty 90's,31-12-1996,830.48,922.1,775.43,899.1,855.96,949.18,796.53,889.75,762.74,1042.4,669.52,20.88,41.59,19.44,919.04,1002.38,0.59,-5.69,0
Nifty 90's,31-01-1997,905.2,1085.75,905.2,972.65,865.54,1012.21,808.99,955.66,718.87,1158.88,572.2,19.49,47.06,31.42,936.91,999.55,0.97,-0.84,1
Nifty 90's,28-02-1997,967.9,1024.3,944.2,998.65,987.87,1168.42,889.98,1070.53,807.32,1348.97,626.77,18.21,48.88,55.15,957.49,999.46,0.97,4.32,1
Nifty 90's,31-03-1997,1070.8,1167.95,966.8,968.3,989.05,1069.15,953.8,1033.9,908.95,1149.25,828.85,17.99,46.85,54.94,961.09,996.49,1.36,5.81,1
Nifty 90's,30-04-1997,931.95,1088.4,931.5,1079.85,1034.35,1235.5,900.75,1101.9,833.2,1436.65,632.05,17.45,54.35,73.48,1000.68,1004.43,1.23,13.96,1
Nifty 90's,30-05-1997,1074.7,1074.7,1018.15,1050.9,1033.25,1190.15,978.1,1135,876.35,1347.05,719.45,16.95,52.29,71,1017.42,1008.86,1.23,16.87,1
Nifty 90's,30-06-1997,1053.05,1194.75,1051.05,1192.4,1047.92,1104.47,1021.13,1077.68,991.37,1161.02,934.82,17.39,60.23,94.69,1075.75,1026.34,1.6,27.17,1
Nifty 90's,31-07-1997,1201.3,1252.7,1153.75,1221.5,1146.07,1289.77,1097.38,1241.08,1002.37,1433.47,858.67,18.17,61.64,100.72,1124.33,1044.92,1.79,34.32,1
Nifty 90's,29-08-1997,1224.4,1297.1,1098.9,1105,1209.32,1308.27,1165.93,1264.88,1110.37,1407.22,1011.42,18.3,53.45,90.33,1117.89,1050.65,1.5,29.77,1
Nifty 90's,30-09-1997,1105.45,1168.35,1079.6,1123.8,1167,1365.2,1036.9,1235.1,968.8,1563.4,770.6,18.22,54.5,74.53,1119.86,1057.61,1.41,26.68,0
Nifty 90's,30-10-1997,1123.45,1192,1028.2,1085.25,1123.92,1212.67,1079.48,1168.23,1035.17,1301.42,946.42,17.6,51.91,50.51,1108.32,1060.25,1.21,20.95,0
Nifty 90's,28-11-1997,1085.75,1097.05,971.2,1023.95,1101.82,1265.62,1011.63,1175.43,938.02,1429.42,774.22,16.46,48.01,37.74,1080.2,1056.79,1.03,12.37,0
Nifty 90's,31-12-1997,1023.85,1083.35,943,1079.4,1030.73,1156.58,964.42,1090.27,904.88,1282.43,779.03,15.43,51.56,42.71,1079.93,1058.94,0.96,9.86,0
Nifty 90's,30-01-1998,1078.95,1102.15,929.05,963.45,1035.25,1175.6,987.15,1127.5,894.9,1315.95,754.55,14.37,44.69,23.4,1041.1,1049.85,1.01,0.34,0
Nifty 90's,27-02-1998,963.45,1064.15,949.65,1060.75,998.22,1171.32,894.28,1067.38,825.12,1344.42,652.02,13.38,50.63,41.06,1047.65,1050.89,1.01,0.54,0
Nifty 90's,31-03-1998,1060.9,1156.7,1046.75,1116.9,1024.85,1139.35,985.55,1100.05,910.35,1253.85,795.85,13.37,53.72,41.48,1070.74,1057.17,1.31,4.17,1
Nifty 90's,30-04-1998,1117.15,1247.15,1117.15,1159.35,1106.78,1216.73,1056.87,1166.82,996.83,1326.68,886.88,14.1,55.97,58.58,1100.27,1066.9,1.62,8.9,1
Nifty 90's,29-05-1998,1159.8,1196.7,1037.95,1063.15,1174.55,1304.55,1101.95,1231.95,1044.55,1434.55,914.55,13.89,50.05,56.76,1087.9,1066.55,1.25,5.19,0
Nifty 90's,30-06-1998,1064.1,1100,853.05,941.65,1099.27,1258.02,1001.83,1160.58,940.52,1416.77,781.77,13.71,43.75,35.21,1039.15,1054.65,0.8,-5.24,0
Nifty 90's,31-07-1998,941.6,1015.55,895.85,931.4,964.9,1211.85,829.8,1076.75,717.95,1458.8,471,13.54,43.25,20.12,1003.23,1042.91,0.8,-12.22,0
Nifty 90's,31-08-1998,930.8,930.8,830.15,852.8,947.6,1067.3,879.65,999.35,827.9,1187,708.2,13.87,39.56,10.91,953.09,1024.81,0.69,-21.01,0
Nifty 90's,30-09-1998,852.75,945.25,832.05,904.95,871.25,971.9,811.7,912.35,770.6,1072.55,669.95,14.02,43.04,15.61,937.04,1013.39,0.72,-22.08,0
Nifty 90's,31-10-1998,904.75,904.75,803.3,824,894.08,1007.28,842.92,956.12,780.88,1120.48,667.68,14.39,39.26,19.04,899.36,995.36,0.68,-26.7,0
Nifty 90's,30-11-1998,824.2,882.1,800.1,817.75,844.02,945.47,783.28,884.73,742.57,1046.92,641.12,14.75,38.98,15.58,872.16,978.44,0.67,-28.47,0
Nifty 90's,31-12-1998,816.55,903.85,812.25,884.25,833.32,915.32,784.53,866.53,751.32,997.32,669.32,14.82,43.65,22.64,876.19,969.47,0.73,-23.66,1
Nifty 90's,29-01-1999,886.75,1016.3,882.6,966.2,866.78,958.38,829.72,921.32,775.18,1049.98,683.58,13.87,48.85,42.57,906.19,969.16,1.03,-13.93,1
Nifty 90's,27-02-1999,962.4,989.15,907.45,981.3,955.03,1088.73,893.77,1027.47,821.33,1222.43,687.63,12.97,49.77,67.65,931.23,970.31,1.03,-5.87,1
Nifty 90's,31-03-1999,992.45,1099.8,984.45,1078.05,959.3,1041,929.45,1011.15,877.6,1122.7,795.9,13.17,55.31,91.04,980.17,980.58,1.37,5.95,1
Nifty 90's,30-04-1999,1082.55,1084.05,916,978.2,1054.1,1169.45,1008.4,1123.75,938.75,1284.8,823.4,12.62,49.27,77.47,979.51,980.35,1.12,6.95,0
Nifty 90's,31-05-1999,979.8,1201.3,968.25,1132.3,992.75,1160.8,901.45,1069.5,824.7,1328.85,656.65,13.05,57.07,88.47,1030.44,994.82,1.46,17.3,1
Nifty 90's,30-06-1999,1125.55,1228.55,1099.85,1187.7,1100.62,1333.67,999.93,1232.98,867.57,1566.72,634.52,13.65,59.48,84.74,1082.86,1013.19,1.55,26.63,1
Nifty 90's,30-07-1999,1187.85,1367.95,1179.3,1310.15,1172.03,1300.73,1115.52,1244.22,1043.33,1429.43,914.63,15.08,64.26,106.26,1158.62,1041.47,2.02,39.05,1
Nifty 90's,31-08-1999,1309.85,1435.5,1277.85,1412,1285.8,1474.45,1203.65,1392.3,1097.15,1663.1,908.5,16.77,67.67,115.77,1243.08,1076.76,2.27,51.36,1
Nifty 90's,30-09-1999,1412.05,1432.55,1329.7,1413.1,1375.12,1532.77,1314.73,1472.38,1217.47,1690.42,1059.82,18.34,67.71,115.17,1299.76,1108.79,2.27,56.4,1
Nifty 90's,29-10-1999,1414.65,1522.85,1296.7,1325.45,1391.78,1494.63,1351.02,1453.87,1288.93,1597.48,1186.08,20.26,61.82,93.19,1308.32,1129.43,2.65,50.83,1
Nifty 90's,30-11-1999,1325.9,1418.15,1239.8,1376.15,1381.67,1607.82,1240.48,1466.63,1155.52,1833.97,929.37,21.35,63.78,85.81,1330.93,1152.92,2.1,47.62,0
Nifty 90's,30-12-1999,1375.05,1510.85,1374.7,1480.45,1344.7,1523.05,1271.25,1449.6,1166.35,1701.4,988,22.84,67.48,80.35,1380.77,1184.12,2.46,49.36,0
Nifty 90's,31-01-2000,1482.15,1671.15,1482.15,1546.2,1455.33,1591.48,1399.82,1535.97,1319.18,1727.63,1183.03,24.9,69.59,98.92,1435.91,1218.6,3.14,51.54,1
Nifty 90's,29-02-2000,1546.2,1818.15,1521.4,1654.8,1566.5,1755.5,1461.85,1650.85,1377.5,1944.5,1188.5,27.29,72.74,102.73,1508.88,1260.14,3.8,56.51,1
Nifty 90's,31-03-2000,1661.5,1773.85,1489.1,1528.45,1664.78,1961.53,1511.42,1808.17,1368.03,2258.28,1071.28,29.15,64.39,82.52,1515.4,1285.7,3.29,47.83,0
Nifty 90's,28-04-2000,1528.7,1636.95,1311.3,1406.55,1597.13,1881.88,1420.42,1705.17,1312.38,2166.63,1027.63,29.14,57.53,52.88,1479.12,1297.21,1.82,31.24,0
Nifty 90's,31-05-2000,1410,1436.6,1201.5,1380.45,1451.6,1777.25,1266.25,1591.9,1125.95,2102.9,800.3,28.26,56.15,27.06,1446.23,1305.13,1.4,16.59,0
Nifty 90's,30-06-2000,1380.4,1539.1,1345.1,1471.45,1339.52,1574.62,1242.43,1477.53,1104.42,1809.72,869.32,27.96,59.77,31.23,1454.64,1320.97,1.63,11.37,0
Nifty 90's,31-07-2000,1473.45,1564.75,1269.25,1332.85,1451.88,1645.88,1364.67,1558.67,1257.88,1839.88,1063.88,27.1,52.64,29.01,1414.04,1322.11,1.38,-2.35,0
Nifty 90's,31-08-2000,1332.85,1398.9,1295.45,1394.1,1388.95,1684.45,1213.15,1508.65,1093.45,1979.95,797.95,26.3,55.19,35.19,1407.39,1328.96,1.38,-7.92,0
Nifty 90's,29-09-2000,1395.95,1482,1249.35,1271.65,1362.82,1466.27,1326.73,1430.18,1259.37,1569.72,1155.92,26.02,49.46,16.53,1362.15,1323.5,1.58,-19.79,0
Nifty 90's,31-10-2000,1270.75,1306.45,1108.2,1172.75,1334.33,1566.98,1186.67,1419.32,1101.68,1799.63,869.03,24.69,45.37,6.39,1299.01,1309.15,1.16,-33.45,0
Nifty 90's,30-11-2000,1178.25,1281,1177.1,1268.15,1195.8,1394.05,1085.15,1283.4,997.55,1592.3,799.3,23.45,49.7,7.07,1288.73,1305.24,1.16,-35.02,0
Nifty 90's,29-12-2000,1268.1,1369.5,1207.95,1263.55,1242.08,1345.98,1203.17,1307.07,1138.18,1449.88,1034.28,22.85,49.49,20.68,1280.33,1301.27,1.35,-35.25,1
Nifty 90's,31-01-2001,1263.5,1396.05,1248.55,1371.7,1280.33,1441.88,1191.17,1352.72,1118.78,1603.43,957.23,22.44,54.23,49.16,1310.79,1307.98,1.41,-27.34,1
Nifty 90's,28-02-2001,1371.5,1422.95,1281.9,1351.4,1338.77,1486.27,1281.48,1428.98,1191.27,1633.77,1043.77,22.22,53.22,55,1324.33,1312.11,1.48,-22.89,1
Nifty 90's,30-03-2001,1351.75,1399.55,1098.75,1148.2,1352.08,1493.13,1281.22,1422.27,1211.03,1634.18,1069.98,20.67,44.32,35.52,1265.62,1296.5,0.99,-32.45,0
Nifty 90's,30-04-2001,1148.1,1171.85,1000.1,1125.25,1215.5,1516.3,1031.45,1332.25,914.7,1817.1,613.9,19.86,43.44,25.69,1218.83,1280.19,0.83,-38.72,0
Nifty 90's,31-05-2001,1125.45,1207,1096.25,1167.9,1099.07,1270.82,1026.28,1198.03,927.32,1442.57,755.57,18.85,45.61,17.39,1201.85,1269.5,0.89,-38.32,0
Nifty 90's,29-06-2001,1168.1,1175.8,1060.05,1107.9,1157.05,1267.8,1107.1,1217.85,1046.3,1378.55,935.55,18.15,43.11,21.62,1170.53,1254.11,0.83,-40.23,0
Nifty 90's,31-07-2001,1108.35,1127.15,1046.9,1072.85,1114.58,1230.33,1053.37,1169.12,998.83,1346.08,883.08,17.59,41.67,24.18,1137.97,1236.85,0.81,-41.8,0
Nifty 90's,31-08-2001,1073,1084,1051.75,1053.75,1082.3,1162.55,1037.45,1117.7,1002.05,1242.8,921.8,17.07,40.86,12.37,1109.9,1219.41,0.81,-41.96,0
Nifty 90's,28-09-2001,1054.65,1059.9,849.95,913.85,1063.17,1095.42,1042.33,1074.58,1030.92,1127.67,998.67,17.83,35.48,0.77,1044.55,1190.31,0.57,-48.84,0
Nifty 90's,31-10-2001,914.65,1000.95,884.65,971.9,941.23,1151.18,822.57,1032.52,731.28,1361.13,521.33,18.53,39.07,3.69,1020.33,1169.51,0.57,-46.84,0
Nifty 90's,29-11-2001,973.55,1097.6,973.55,1067.15,952.5,1068.8,904.05,1020.35,836.2,1185.1,719.9,18.3,44.52,24.36,1035.94,1159.76,0.74,-36.88,1
Nifty 90's,31-12-2001,1067.2,1132.65,1010.45,1059.05,1046.1,1170.15,994.6,1118.65,922.05,1294.2,798,17.78,44.16,49.7,1043.64,1150.17,0.8,-28.98,1
Nifty 90's,31-01-2002,1058.85,1121.75,1052.05,1075.4,1067.38,1189.58,1002.12,1124.32,945.18,1311.78,822.98,17.3,45.12,61.56,1054.23,1143.05,0.8,-21.15,1
Nifty 90's,28-02-2002,1076.95,1205.95,1069.4,1142.05,1083.07,1152.77,1044.38,1114.08,1013.37,1222.47,943.67,16.12,49.01,69.67,1083.5,1142.95,0.98,-10.51,1
Nifty 90's,28-03-2002,1142.05,1201.1,1117.85,1129.55,1139.13,1275.68,1072.32,1208.87,1002.58,1412.23,866.03,15.02,48.32,75.93,1098.85,1141.68,0.98,-3.71,1
Nifty 90's,30-04-2002,1129.85,1153.3,1073.3,1084.5,1149.5,1232.75,1097.9,1181.15,1066.25,1316,983,14.39,45.81,68.68,1094.07,1136.23,0.89,-1.73,0
Nifty 90's,31-05-2002,1084.8,1136.55,1020.1,1028.8,1103.7,1183.7,1054.1,1134.1,1023.7,1263.7,943.7,14.23,42.85,48.79,1072.31,1126,0.78,-3.56,0
Nifty 90's,28-06-2002,1029.25,1102.05,1029.25,1057.8,1061.82,1178.27,987.08,1103.53,945.37,1294.72,828.92,14.08,44.85,47.35,1067.47,1119.5,0.78,-2.26,0
Nifty 90's,31-07-2002,1058,1087.4,943.6,958.9,1063.03,1135.83,1024.02,1096.82,990.23,1208.63,917.43,14.62,39.75,30.52,1031.28,1104.21,0.64,-7.23,0
Nifty 90's,30-08-2002,959.2,1012.75,935.55,1010.6,996.63,1140.43,905.87,1049.67,852.83,1284.23,709.03,15.18,43.37,34.69,1024.39,1095.29,0.63,-6.23,0
Nifty 90's,30-09-2002,1010.9,1024.65,960.2,963.15,986.3,1063.5,959.85,1037.05,909.1,1140.7,831.9,15.56,40.94,28.31,1003.98,1082.71,0.66,-7.87,0
Nifty 90's,31-10-2002,961.15,983.6,920.1,951.4,982.67,1047.12,940.68,1005.13,918.22,1111.57,853.77,16.23,40.33,29.52,986.45,1070.2,0.6,-8.77,0
Nifty 90's,29-11-2002,951.45,1057.45,946.4,1050.15,951.7,1015.2,919.8,983.3,888.2,1078.7,824.7,15.94,47.36,40.64,1007.68,1068.29,0.78,-2.1,1
Nifty 90's,31-12-2002,1050.15,1103.95,1034.1,1093.5,1018,1129.05,978.55,1089.6,906.95,1240.1,795.9,15.15,50.14,59.25,1036.29,1070.69,0.91,5.45,1
Nifty 90's,31-01-2003,1093.6,1105.6,1026.2,1041.85,1077.18,1147.03,1050.42,1120.27,1007.33,1216.88,937.48,14.49,46.96,66.5,1038.14,1067.95,0.89,7.07,1
Nifty 90's,28-02-2003,1040.25,1075.5,1034.1,1063.4,1057.88,1137.28,1010.17,1089.57,978.48,1216.68,899.08,13.89,48.43,68.26,1046.56,1067.51,0.89,9.55,1
Nifty 90's,31-03-2003,1063.55,1070.85,974.1,978.2,1057.67,1099.07,1039.83,1081.23,1016.27,1140.47,974.87,13.95,43.32,45.66,1023.77,1059.01,0.74,5.6,0
Nifty 90's,30-04-2003,977.4,1033.45,920,934.05,1007.72,1104.47,944.58,1041.33,910.97,1201.22,814.22,14.52,40.91,38.3,993.87,1047.11,0.64,0.43,0
Nifty 90's,30-05-2003,930.9,1013.85,930.8,1006.8,962.5,1075.95,891.55,1005,849.05,1189.4,735.6,15.05,46.22,37.9,998.18,1043.27,0.64,2.23,0
Nifty 90's,30-06-2003,1006.85,1141.3,1004.7,1134.15,983.82,1066.87,953.78,1036.83,900.77,1149.92,817.72,14.03,54,64.02,1043.5,1051.92,1.01,11.79,1
Nifty 90's,31-07-2003,1133.95,1198.5,1089.3,1185.85,1093.38,1229.98,1045.47,1182.07,956.78,1366.58,820.18,13.67,56.74,87.83,1090.95,1064.68,1.2,20.85,1
Nifty 90's,29-08-2003,1185.8,1365.8,1164.75,1356.55,1157.88,1267.08,1117.27,1226.47,1048.68,1376.28,939.48,14.67,64.3,101.22,1179.48,1092.48,1.77,36.67,1
Nifty 90's,30-09-2003,1356.7,1430.7,1285.25,1417.1,1295.7,1496.75,1225.6,1426.65,1094.65,1697.8,893.6,16.01,66.53,106.12,1258.69,1123.39,2,48.79,1
Nifty 90's,31-10-2003,1416.6,1574.1,1407.95,1555.9,1377.68,1523.13,1324.67,1470.12,1232.23,1668.58,1086.78,18.01,71.01,118.31,1357.76,1164.58,2.57,62.83,1
Nifty 90's,28-11-2003,1556.5,1630.25,1509.15,1615.25,1512.65,1678.8,1451.2,1617.35,1346.5,1844.95,1180.35,20.12,72.69,120.23,1443.59,1207.5,2.81,72.13,1
Nifty 90's,31-12-2003,1615.85,1914.4,1615.7,1879.75,1584.88,1705.98,1539.52,1660.62,1463.78,1827.08,1342.68,23.03,78.64,132.93,1588.98,1271.53,4.11,90.89,1
Nifty 90's,30-01-2004,1880.35,2014.65,1756.25,1809.75,1803.28,2101.98,1692.17,1990.87,1504.58,2400.68,1205.88,25.98,74.04,125.23,1662.57,1322.79,4.61,93.05,1
Nifty 90's,27-02-2004,1809.3,1935.8,1755.65,1800.3,1860.22,2118.62,1705.78,1964.18,1601.82,2377.02,1343.42,28.72,73.42,112.55,1708.48,1368.26,4.6,88.35,1
Nifty 90's,31-03-2004,1798.35,1898.7,1669.7,1771.9,1830.58,2010.73,1725.37,1905.52,1650.43,2190.88,1470.28,30.31,71.47,91.85,1729.62,1406.71,3.08,78.17,0
Nifty 90's,30-04-2004,1771.45,1912.35,1771.45,1796.1,1780.1,2009.1,1661.5,1890.5,1551.1,2238.1,1322.1,31.83,72.15,86.87,1751.78,1443.79,3.14,68.28,0
Nifty 90's,31-05-2004,1796.1,1837.95,1292.2,1483.6,1826.63,1967.53,1740.92,1881.82,1685.73,2108.43,1544.83,29.57,54.22,41.63,1662.39,1447.58,1,37.45,0
Nifty 90's,30-06-2004,1483.9,1566.5,1437.9,1505.6,1537.92,2083.67,1237.88,1783.63,992.17,2629.42,446.42,27.47,55.06,26.18,1610.12,1453.11,1,16.36,0
Nifty 90's,30-07-2004,1506.65,1638.7,1472.55,1632.3,1503.33,1631.93,1440.17,1568.77,1374.73,1760.53,1246.13,25.92,59.69,20.36,1617.52,1470.17,1.12,9.13,0
Nifty 90's,31-08-2004,1631.55,1658.9,1573.7,1631.75,1581.18,1747.33,1523.67,1689.82,1415.03,1913.48,1248.88,24.59,59.66,30.47,1622.26,1485.56,1.16,2.83,0
Nifty 90's,30-09-2004,1631.7,1760.8,1619.9,1745.5,1621.45,1706.65,1584,1669.2,1536.25,1791.85,1451.05,23.9,63.56,45.06,1663.34,1510.32,1.35,4.72,1
Nifty 90's,29-10-2004,1744.4,1829.45,1737.85,1786.9,1708.73,1849.63,1656.67,1797.57,1567.83,1990.53,1426.93,23.61,64.89,59.47,1704.53,1536.66,1.49,7.03,1
Nifty 90's,30-11-2004,1787.3,1963.8,1776.7,1958.8,1784.73,1876.33,1740.02,1831.62,1693.13,1967.93,1601.53,23.95,69.82,77.4,1789.28,1576.86,1.79,17.79,1
Nifty 90's,31-12-2004,1960.75,2088.45,1944.5,2080.5,1899.77,2086.87,1835.73,2022.83,1712.67,2273.97,1525.57,24.75,72.74,88.99,1886.36,1624.83,2.09,30.03,1
Nifty 90's,31-01-2005,2080,2120.15,1894.4,2057.6,2037.82,2181.77,1987.18,2131.13,1893.87,2325.72,1749.92,25.12,71.34,89,1943.44,1666.04,1.85,33.27,1
Nifty 90's,28-02-2005,2057.75,2110.15,2036.6,2103.25,2024.05,2249.8,1927.95,2153.7,1798.3,2475.55,1572.55,25.45,72.48,107.39,1996.71,1707.68,1.85,34.99,1
Nifty 90's,31-03-2005,2103.1,2183.45,1971.15,2035.65,2083.33,2156.88,2056.52,2130.07,2009.78,2230.43,1936.23,26.08,68.17,90.74,2009.69,1738.92,2.04,28.36,1
Nifty 90's,29-04-2005,2035.9,2084.9,1896.3,1902.5,2063.42,2275.72,1943.38,2155.68,1851.12,2488.02,1638.82,26.04,60.54,60.19,1973.96,1754.5,1.69,12.6,0
Nifty 90's,31-05-2005,1903.1,2099.35,1898.15,2087.55,1961.23,2149.83,1837.57,2026.17,1772.63,2338.43,1584.03,26.08,66.2,58.27,2011.82,1786.22,1.72,12.23,0
Nifty 90's,30-06-2005,2087.8,2226.15,2061.35,2220.6,2028.35,2229.55,1957.35,2158.55,1827.15,2430.75,1625.95,26.7,69.58,63.84,2081.42,1827.59,2.07,18.16,0
Nifty 90's,29-07-2005,2220.45,2332.55,2171.25,2312.3,2169.37,2334.17,2112.58,2277.38,2004.57,2498.97,1839.77,27.71,71.68,82.43,2158.38,1873.75,2.38,25.06,1
Nifty 90's,31-08-2005,2312.05,2426.65,2294.25,2384.65,2272.03,2433.33,2211.52,2372.82,2110.73,2594.63,1949.43,28.98,73.25,86.42,2233.8,1922.41,2.67,30.91,1
Nifty 90's,30-09-2005,2384.7,2633.9,2382.9,2601.4,2368.52,2500.92,2310.38,2442.78,2236.12,2633.32,2103.72,30.79,77.31,93.01,2356.33,1987.07,3.38,44.95,1
Nifty 90's,31-10-2005,2601,2669.2,2307.45,2370.95,2539.4,2790.4,2444.9,2695.9,2288.4,3041.4,2037.4,31.82,65.87,72.21,2361.21,2023.63,2.65,34.73,1
Nifty 90's,30-11-2005,2366.8,2727.05,2366.8,2652.25,2449.2,2810.95,2229.2,2590.95,2087.45,3172.7,1725.7,32.95,71.43,71.93,2458.22,2083.5,2.83,42.43,1
Nifty 90's,30-12-2005,2651.6,2857,2641.95,2836.55,2582.03,2942.28,2437.02,2797.27,2221.78,3302.53,1861.53,34.39,74.37,75.05,2584.33,2155.22,3.26,54.67,1
Nifty 90's,31-01-2006,2836.8,3005.1,2783.85,3001.1,2778.5,2993.55,2700,2915.05,2563.45,3208.6,2348.4,36.09,76.68,96.84,2723.25,2235.78,3.79,67.73,1
Nifty 90's,28-02-2006,3001.3,3090.3,2928.1,3074.7,2930.02,3151.27,2854.93,3076.18,2708.77,3372.52,2487.52,37.86,77.66,97.38,2840.4,2315.68,4.12,74.65,1
Nifty 90's,31-03-2006,3074.6,3433.85,3064,3402.55,3031.03,3193.23,2971.77,3133.97,2868.83,3355.43,2706.63,40.12,81.38,102.11,3027.78,2419.19,5.54,93.43,1
Nifty 90's,29-04-2006,3403.15,3598.95,3290.35,3557.6,3300.13,3669.98,3166.42,3536.27,2930.28,4039.83,2560.43,42.43,82.83,104.53,3204.39,2527.61,6.28,107.41,1
Nifty 90's,31-05-2006,3557.55,3774.15,2896.4,3071.05,3482.3,3790.9,3365.65,3674.25,3173.7,4099.5,2865.1,42.04,65.52,70.05,3159.94,2579.37,2.17,76.46,0
Nifty 90's,30-06-2006,3072.55,3134.15,2595.65,3128.2,3247.2,4124.95,2720.25,3598,2369.45,5002.7,1491.7,40.25,66.41,51.11,3149.36,2631.64,1.41,53.49,0
Nifty 90's,31-07-2006,3128.75,3208.85,2878.25,3143.2,2952.67,3491.17,2771.18,3309.68,2414.17,4029.67,1875.67,38.81,66.65,47.16,3147.31,2680.36,1.5,33.92,0
Nifty 90's,31-08-2006,3128.2,3452.3,3113.6,3413.9,3076.77,3407.37,2944.68,3275.28,2746.17,3737.97,2415.57,38.14,70.76,56.15,3236.17,2750.22,1.83,33.75,0
Nifty 90's,29-09-2006,3414,3603.7,3328.45,3588.4,3326.6,3665.3,3200.9,3539.6,2987.9,4004,2649.2,37.87,73.06,67.01,3353.58,2830.04,2.05,39.52,0
Nifty 90's,31-10-2006,3588.95,3782.85,3508.65,3744.1,3506.85,3782.1,3410,3685.25,3231.6,4057.35,2956.35,38.02,74.96,79.29,3483.75,2917.1,2.33,47.43,1
Nifty 90's,30-11-2006,3744.1,3976.8,3737,3954.5,3678.53,3952.73,3574.22,3848.42,3404.33,4226.93,3130.13,38.55,77.28,86.8,3640.67,3015.9,2.66,59.65,1
Nifty 90's,29-12-2006,3955.7,4046.85,3657.65,3966.4,3889.43,4129.23,3802.07,4041.87,3649.63,4369.03,3409.83,38.64,77.41,86.66,3749.25,3106.42,2.32,61.13,1
Nifty 90's,31-01-2007,3966.25,4167.15,3833.6,4082.7,3890.3,4279.5,3733.75,4122.95,3501.1,4668.7,3111.9,38.97,78.67,88.93,3860.4,3199.4,2.53,62.31,1
Nifty 90's,28-02-2007,4083.4,4245.3,3674.85,3745.3,4027.82,4361.37,3888.48,4222.03,3694.27,4694.92,3360.72,38.5,66.98,77.22,3822.03,3251.39,1.96,34.16,1
Nifty 90's,30-03-2007,3745.4,3901.75,3554.5,3821.55,3888.48,4458.93,3531.67,4102.12,3318.03,5029.38,2747.58,37.51,68.13,63.35,3821.87,3305.69,1.65,15.42,0
Nifty 90's,30-04-2007,3820,4217.9,3617,4087.9,3759.27,4106.52,3616.78,3964.03,3412.02,4453.77,3064.77,37.36,71.83,59.56,3910.55,3380.19,2.09,15.64,0
Nifty 90's,31-05-2007,4089.45,4306.75,3981.15,4295.8,3974.27,4575.17,3730.63,4331.53,3373.37,5176.07,2772.47,37.4,74.34,72.06,4038.96,3467.39,2.23,23.99,0
Nifty 90's,29-06-2007,4296.05,4362.95,4100.8,4318.3,4194.57,4520.17,4082.38,4407.98,3868.97,4845.77,3543.37,37.57,74.6,81.19,4132.08,3548.43,2.32,25.1,0
Nifty 90's,31-07-2007,4318.4,4647.95,4304,4528.85,4260.68,4522.83,4158.42,4420.57,3998.53,4784.98,3736.38,38.28,76.98,87.52,4264.33,3641.8,2.81,33.55,1
Nifty 90's,31-08-2007,4528.85,4532.9,4002.2,4464,4493.6,4837.55,4339.25,4683.2,4149.65,5181.5,3805.7,37.58,74.66,80.55,4330.89,3720.11,1.8,28.52,0
Nifty 90's,28-09-2007,4466.65,5055.8,4445.55,5021.35,4333.03,4863.73,4133.17,4663.87,3802.33,5394.43,3271.63,37.93,80.19,88.88,4561.04,3844.03,2.47,54.94,1
Nifty 90's,31-10-2007,5021.5,5976,5000.95,5900.65,4840.9,5451.15,4626,5236.25,4230.65,6061.4,3620.4,39.35,85.54,95.12,5007.58,4039.9,3.75,120.11,1
Nifty 90's,30-11-2007,5903.8,6011.95,5394.35,5762.75,5625.87,6600.92,5275.73,6250.78,4650.82,7575.97,3675.77,40.71,81.81,106.14,5259.3,4203.98,3.8,140.96,1
Nifty 90's,31-12-2007,5765.45,6185.4,5676.7,6138.6,5723.02,6340.62,5434.08,6051.68,5105.42,6958.22,4487.82,42.14,83.87,106.3,5552.4,4388.23,4.08,165.41,1
Nifty 90's,31-01-2008,6136.75,6357.1,4448.5,5137.45,6000.23,6508.93,5815.07,6323.77,5491.53,7017.63,4982.83,40.07,63.26,62.32,5414.08,4459.59,1.3,102.57,0
Nifty 90's,29-02-2008,5140.6,5545.2,4803.6,5223.5,5314.35,7222.95,4271.6,6180.2,3405.75,9131.55,1497.15,38.15,64.08,46.51,5350.56,4532.34,1.3,57.47,0
Nifty 90's,31-03-2008,5222.8,5222.8,4468.55,4734.5,5190.77,5932.37,4836.33,5577.93,4449.17,6673.97,3707.57,35.68,56.4,17.46,5145.2,4551.59,1.07,-10.98,0
Nifty 90's,30-04-2008,4735.65,5230.75,4628.75,5165.9,4808.62,5562.87,4394.43,5148.68,4054.37,6317.12,3300.12,33.39,60.85,23.79,5152.1,4610.1,1.08,-31.71,0
Nifty 90's,30-05-2008,5265.3,5298.85,4801.9,4870.1,5008.47,5610.47,4786.18,5388.18,4406.47,6212.47,3804.47,31.41,56.58,20.37,5058.1,4634.86,1.12,-67.79,0
Nifty 90's,30-06-2008,4869.25,4908.8,4021.7,4040.55,4990.28,5487.23,4681.72,5178.67,4493.33,5984.18,3996.38,30.24,46.69,2.2,4718.92,4578.26,0.74,-145.5,0
Nifty 90's,31-07-2008,4039.75,4539.45,3790.2,4332.95,4323.68,5210.78,3738.57,4625.67,3436.58,6097.88,2549.48,29.51,50.01,-4.81,4590.26,4554.9,0.67,-173.29,0
Nifty 90's,29-08-2008,4331.6,4649.85,4201.85,4360,4220.87,4970.12,3902.28,4651.53,3471.62,5719.37,2722.37,28.58,50.31,-0.84,4513.51,4536.34,0.72,-184.89,0
Nifty 90's,30-09-2008,4356.1,4558,3715.05,3921.2,4403.9,4851.9,4157.95,4605.95,3955.9,5299.9,3507.9,28.45,45.42,-6.54,4316.07,4477.75,0.58,-215.03,0
Nifty 90's,31-10-2008,3921.85,4000.5,2252.75,2885.6,4064.75,4907.7,3571.5,4414.45,3221.8,5750.65,2378.85,29.81,36.42,-3.88,3839.25,4326.12,0.36,-292.81,0
Nifty 90's,28-11-2008,2885.4,3240.55,2502.9,2755.1,3046.28,4794.03,2092.07,3839.82,1298.53,6541.78,-449.22,31.07,35.47,-15.52,3477.87,4176.5,0.36,-337.94,0
Nifty 90's,31-12-2008,2755.15,3110.45,2570.7,2959.15,2832.85,3570.5,2425.15,3162.8,2095.2,4308.15,1357.55,32.24,38.2,-3.94,3304.96,4060.56,0.36,-338.13,0
Nifty 90's,30-01-2009,2963.3,3147.2,2661.65,2874.8,2880.1,3419.85,2649.75,3189.5,2340.35,3959.6,1800.6,33.24,37.49,-4.45,3161.57,3947.63,0.37,-327.77,0
Nifty 90's,27-02-2009,2872.35,2969.75,2677.55,2763.65,2894.55,3380.1,2641.9,3127.45,2409,3865.65,1923.45,34.16,36.53,2.49,3028.93,3834.87,0.37,-312.3,0
Nifty 90's,31-03-2009,2764.6,3123.35,2539.45,3020.95,2803.65,3095.85,2637.55,2929.75,2511.45,3388.05,2219.25,34.59,40.33,24.09,3026.27,3757.35,0.43,-270.22,1
Nifty 90's,29-04-2009,3023.85,3517.25,2965.7,3473.95,2894.58,3478.48,2665.82,3249.72,2310.68,4062.38,1726.78,33.97,46.41,44.07,3175.5,3730.36,0.59,-200.56,1
Nifty 90's,29-05-2009,3478.7,4509.4,3478.7,4448.95,3318.97,3870.52,3120.68,3672.23,2767.42,4422.07,2215.87,31.64,56.64,77.76,3599.98,3798.8,1.03,-83.49,1
Nifty 90's,30-06-2009,4450.4,4693.2,4143.25,4291.1,4145.68,5176.38,3781.97,4812.67,3114.98,6207.08,2084.28,29.76,54.82,90.52,3830.35,3845.69,1.11,-14.96,1
Nifty 90's,31-07-2009,4292.3,4669.75,3918.75,4636.45,4375.85,4925.8,4058.5,4608.45,3825.9,5475.75,3275.95,27.64,58.01,106.15,4099.05,3921,1,51.72,1
Nifty 90's,31-08-2009,4633.8,4743.75,4353.45,4662.1,4408.32,5159.32,4146.88,4897.88,3657.32,5910.32,2906.32,25.79,58.24,105.73,4286.74,3991.58,1.04,93.21,1
Nifty 90's,30-09-2009,4662.2,5087.6,4576.6,5083.95,4586.43,4976.73,4429.12,4819.42,4196.13,5367.03,3805.83,24.65,62.02,111.24,4552.47,4095.61,1.22,141.81,1
Nifty 90's,30-10-2009,5087.2,5181.95,4687.5,4711.7,4916.05,5427.05,4744.5,5255.5,4405.05,5938.05,3894.05,23.75,57.11,98.03,4605.55,4154.29,1.27,141.32,1
Nifty 90's,30-11-2009,4712.25,5138,4538.5,5032.7,4860.38,5354.83,4538.82,5033.27,4365.93,5849.28,3871.48,22.6,60.05,97.29,4747.93,4237.95,1.17,154.01,1
Nifty 90's,31-12-2009,5039.7,5221.85,4943.95,5201.05,4903.07,5502.57,4668.13,5267.63,4303.57,6102.07,3704.07,21.68,61.53,90.12,4898.97,4329.67,1.22,164.2,1
Nifty 90's,29-01-2010,5200.9,5310.85,4766,4882.05,5122.28,5400.18,5022.72,5300.62,4844.38,5678.08,4566.48,20.44,57.19,76.74,4893.33,4382.28,1.09,140.81,1
Nifty 90's,26-02-2010,4882.05,4992,4675.4,4922.3,4986.3,5531.15,4661.75,5206.6,4441.45,6076,3896.6,19.08,57.6,60.51,4902.99,4433.71,1.03,120.21,0
Nifty 90's,31-03-2010,4935.6,5329.55,4935.35,5249.1,4863.23,5179.83,4734.47,5051.07,4546.63,5496.43,4230.03,18.51,60.85,64.27,5018.36,4511.37,1.25,120.45,0
Nifty 90's,30-04-2010,5249.2,5399.65,5160.9,5278,5171.33,5565.53,5013.12,5407.32,4777.13,5959.73,4382.93,18.11,61.13,69.96,5104.91,4584.38,1.3,114.45,0
Nifty 90's,31-05-2010,5278.4,5278.7,4786.45,5086.3,5279.52,5518.27,5159.38,5398.13,5040.77,5757.02,4802.02,16.86,58.12,65.36,5098.7,4632.18,1.01,90.52,0
Nifty 90's,30-06-2010,5086.25,5366.75,4961.05,5312.5,5050.48,5542.73,4822.27,5314.52,4558.23,6034.98,4065.98,15.89,60.59,62.35,5169.97,4696.97,1.07,83.06,0
Nifty 90's,30-07-2010,5312.05,5477.5,5225.6,5367.6,5213.43,5619.13,5060.12,5465.82,4807.73,6024.83,4402.03,15.23,61.19,66.96,5235.85,4760.84,1.14,75.22,0
Nifty 90's,31-08-2010,5369.55,5549.8,5348.9,5402.4,5356.9,5608.8,5236.3,5488.2,5105,5860.7,4853.1,14.78,61.59,73.36,5291.36,4821.94,1.2,66.08,1
Nifty 90's,30-09-2010,5403.05,6073.5,5403.05,6029.95,5433.7,5634.6,5317.6,5518.5,5232.8,5835.5,5031.9,15.39,67.96,86.67,5537.56,4936.99,1.61,94.27,1
Nifty 90's,29-10-2010,6030.3,6284.1,5937.1,6017.7,5835.5,6505.95,5597.5,6267.95,5165.05,7176.4,4494.6,16.31,67.72,97.23,5697.61,5039.92,1.79,103.35,1
Nifty 90's,30-11-2010,6092.3,6338.5,5690.35,5862.7,6079.63,6426.63,5875.17,6222.17,5732.63,6773.63,5385.63,16.47,64.66,90.49,5752.64,5118.28,1.46,90.62,1
Nifty 90's,31-12-2010,5871,6147.3,5721.15,6134.5,5963.85,6612,5589.2,6237.35,5315.7,7260.15,4667.55,16.62,67.44,85.59,5879.93,5215.06,1.46,91.93,0
Nifty 90's,31-01-2011,6177.45,6181.05,5416.65,5505.9,6000.98,6427.13,5854.67,6280.82,5574.83,6853.28,5148.68,15.95,56.39,54.48,5755.25,5242.76,1.15,44.29,0
Nifty 90's,28-02-2011,5537.3,5599.25,5177.7,5333.25,5701.2,6465.6,5221.35,5985.75,4936.8,7230,4172.4,14.88,53.78,41.73,5614.58,5251.38,0.98,-2.53,0
Nifty 90's,31-03-2011,5382,5872,5348.2,5833.75,5370.07,5791.62,5140.88,5562.43,4948.52,6213.17,4526.97,14.36,59.61,38.4,5687.64,5306.84,1.17,-3.43,0
Nifty 90's,29-04-2011,5835,5944.45,5693.25,5749.5,5684.65,6208.45,5497.3,6021.1,5160.85,6732.25,4637.05,14.04,58.28,43.69,5708.26,5349,1.22,-12.79,0
Nifty 90's,31-05-2011,5766.9,5775.25,5328.7,5560.15,5795.73,6046.93,5647.02,5898.22,5544.53,6298.13,5293.33,13.22,55.29,44.96,5658.89,5369.11,0.95,-33.66,0
Nifty 90's,30-06-2011,5561.05,5657.9,5195.9,5647.4,5554.7,6001.25,5334.15,5780.7,5108.15,6447.8,4661.6,12.77,56.4,35.99,5655.06,5395.61,0.87,-42.91,0
Nifty 90's,29-07-2011,5705.75,5740.4,5453.95,5482,5500.4,5962.4,5342.9,5804.9,5038.4,6424.4,4576.4,12.13,53.68,26.94,5597.37,5403.84,0.93,-60.42,0
Nifty 90's,30-08-2011,5527.5,5551.9,4720,5001,5558.78,5845.23,5377.17,5663.62,5272.33,6131.68,4985.88,12.98,46.63,14.6,5398.58,5365.47,0.61,-102.19,0
Nifty 90's,30-09-2011,5109.8,5169.25,4758.85,4943.25,5090.97,5922.87,4630.03,5461.93,4259.07,6754.77,3427.17,13.77,45.85,-0.84,5246.8,5325.26,0.61,-129.74,0
Nifty 90's,31-10-2011,4874.4,5399.7,4728.3,5326.6,4957.12,5367.52,4744.98,5155.38,4546.72,5777.92,4136.32,13.88,51.62,22.93,5273.4,5325.39,0.74,-118.48,1
Nifty 90's,30-11-2011,5278.6,5326.45,4639.1,4832.05,5151.53,5822.93,4903.37,5574.77,4480.13,6494.33,3808.73,14.15,44.97,23.47,5126.29,5278.4,0.7,-139.24,0
Nifty 90's,30-12-2011,4970.85,5099.25,4531.15,4624.3,4932.53,5619.88,4538.62,5225.97,4245.18,6307.23,3557.83,14.62,42.49,17.99,4958.96,5216.11,0.66,-160.37,0
Nifty 90's,31-01-2012,4640.2,5217,4588.05,5199.25,4751.57,5319.67,4403.88,4971.98,4183.47,5887.77,3615.37,14.7,50.6,29.2,5039.05,5214.5,0.73,-130.3,1
Nifty 90's,29-02-2012,5198.15,5629.95,5159,5385.2,5001.43,5630.38,4785.87,5414.82,4372.48,6259.33,3743.53,13.67,52.92,47.65,5154.44,5230.76,0.99,-94.24,1
Nifty 90's,30-03-2012,5366,5499.4,5135.95,5295.55,5391.38,5862.33,5152.82,5623.77,4920.43,6333.28,4449.48,12.77,51.66,57.87,5201.47,5236.93,0.98,-73.7,1
Nifty 90's,30-04-2012,5296.35,5378.75,5154.3,5248.15,5310.3,5673.75,5121.2,5484.65,4946.85,6037.2,4583.4,11.94,50.97,57.93,5217.03,5238,0.98,-61.09,0
Nifty 90's,31-05-2012,5254.3,5279.6,4788.95,4924.25,5260.4,5484.85,5142.05,5366.5,5035.95,5709.3,4811.5,12.06,46.41,47.28,5119.44,5208.12,0.76,-71.63,0
Nifty 90's,29-06-2012,4910.85,5286.25,4770.35,5278.9,4997.6,5488.25,4715.6,5206.25,4506.95,5978.9,4016.3,12.23,51.53,53.25,5172.59,5214.86,0.75,-52.65,1
Nifty 90's,31-07-2012,5283.85,5348.55,5032.4,5229,5111.83,5627.73,4937.42,5453.32,4595.93,6143.63,4080.03,12.18,50.79,46.89,5191.4,5216.21,0.79,-41.86,1
Nifty 90's,31-08-2012,5220.7,5448.6,5164.65,5258.5,5203.32,5519.47,5058.08,5374.23,4887.17,5835.62,4571.02,11.81,51.23,63.8,5213.76,5220.23,0.87,-31.61,1
Nifty 90's,28-09-2012,5276.5,5735.15,5215.7,5703.3,5290.58,5574.53,5132.57,5416.52,5006.63,5858.48,4722.68,11.31,57.44,80.44,5376.94,5266.24,1.1,4.33,1
Nifty 90's,31-10-2012,5704.75,5815.35,4888.2,5619.7,5551.38,6070.83,5367.62,5887.07,5031.93,6590.28,4512.48,11.06,56,76.4,5457.86,5299.9,0.86,20.78,1
Nifty 90's,30-11-2012,5609.85,5885.25,5548.35,5879.85,5441.08,6368.23,5066.82,5993.97,4513.93,7295.38,3586.78,10.61,59.42,85.87,5598.52,5355.14,0.91,46.02,1
Nifty 90's,31-12-2012,5878.25,5965.15,5823.15,5905.1,5771.15,6108.05,5657.05,5993.95,5434.25,6444.95,5097.35,9.96,59.75,87.55,5700.72,5407.51,0.97,60.36,1
Nifty 90's,31-01-2013,5937.65,6111.8,5935.2,6034.75,5897.8,6039.8,5830.45,5972.45,5755.8,6181.8,5613.8,9.57,61.46,95.77,5812.06,5467.25,1.1,73.64,1
Nifty 90's,28-02-2013,6040.95,6052.95,5671.9,5693.05,6027.25,6203.85,5942.7,6119.3,5850.65,6380.45,5674.05,9.34,54.83,79.52,5772.39,5488.76,0.88,55.32,0
Nifty 90's,28-03-2013,5702.45,5971.2,5604.85,5682.55,5805.97,6187.02,5558.98,5940.03,5424.92,6568.07,5043.87,9.3,54.63,59.4,5742.44,5507.21,0.84,39.15,0
Nifty 90's,30-04-2013,5697.35,5962.3,5477.2,5930.2,5752.87,6119.22,5534.53,5900.88,5386.52,6485.57,5020.17,9.61,58.39,56.82,5805.03,5547.5,0.76,41.57,0
Nifty 90's,31-05-2013,5911.4,6229.45,5910.95,5985.95,5789.9,6275,5617.5,6102.6,5304.8,6760.1,4819.7,9.03,59.21,67.68,5865.34,5589.25,0.97,43.16,0
Nifty 90's,28-06-2013,5997.35,6011,5566.25,5842.2,6042.12,6360.62,5854.78,6173.28,5723.62,6679.12,5405.12,9.4,56.14,60.96,5857.62,5613.34,0.75,31.34,0
Nifty 90's,31-07-2013,5834.1,6093.35,5675.75,5742,5806.48,6251.23,5601.97,6046.72,5361.73,6695.98,4916.98,9.49,54.04,49.35,5819.08,5625.6,0.81,14.42,0
Nifty 90's,30-08-2013,5776.9,5808.5,5118.85,5471.8,5837.03,6254.63,5580.72,5998.32,5419.43,6672.23,5001.83,10.78,48.73,22.24,5703.32,5610.95,0.57,-15.68,0
Nifty 90's,30-09-2013,5480.25,6142.5,5318.9,5735.3,5466.38,6156.03,5124.27,5813.92,4776.73,6845.68,4087.08,10.99,53.52,28.5,5713.98,5622.79,0.76,-18.37,0
Nifty 90's,31-10-2013,5756.1,6309.05,5700.95,6299.15,5732.23,6555.83,5321.97,6145.57,4908.63,7379.43,4085.03,10.72,61.76,50.13,5909.04,5687.21,0.86,15.47,1
Nifty 90's,29-11-2013,6289.75,6342.95,5972.45,6176.1,6103.05,6711.15,5897.05,6505.15,5494.95,7319.25,4886.85,10.39,59.29,71.14,5998.06,5733.77,0.89,26.56,1
Nifty 90's,31-12-2013,6171.15,6415.25,6129.95,6304,6163.83,6534.33,5984.72,6355.22,5793.33,6904.83,5422.83,9.87,61.03,80.15,6100.04,5788.08,0.94,38.77,1
Nifty 90's,31-01-2014,6323.8,6358.3,6027.25,6089.5,6283.07,6568.37,6150.88,6436.18,5997.77,6853.67,5712.47,9.67,56.65,61.7,6096.53,5816.78,0.87,29.09,1
Nifty 90's,28-02-2014,6058.8,6282.7,5933.3,6276.95,6158.35,6489.4,5958.4,6289.45,5827.3,6820.45,5496.25,9.72,59.4,62.74,6156.67,5860.61,0.81,31.79,0
Nifty 90's,31-03-2014,6264.35,6730.05,6212.25,6704.2,6164.32,6513.72,6045.93,6395.33,5814.92,6863.12,5465.52,9.55,64.86,74.22,6339.18,5940.95,1.16,57.34,1
Nifty 90's,30-04-2014,6729.5,6869.85,6650.4,6696.4,6548.83,7066.63,6367.62,6885.42,6031.03,7584.43,5513.23,9.74,64.69,86.94,6458.25,6012.9,1.28,67.98,1
Nifty 90's,30-05-2014,6709.95,7563.5,6638.55,7229.95,6738.88,6958.33,6607.92,6827.37,6519.43,7177.78,6299.98,11.26,70.43,107.22,6715.48,6128.81,1.9,103.11,1
Nifty 90's,30-06-2014,7264.05,7700.05,7239.5,7611.35,7144,8068.95,6724.5,7649.45,6219.05,8993.9,5294.1,12.89,73.72,109.93,7014.11,6270,2.03,141.79,1
Nifty 90's,31-07-2014,7629,7840.95,7422.15,7721.3,7516.97,7977.52,7333.88,7794.43,7056.42,8438.07,6595.87,14.63,74.6,107.38,7249.84,6408.22,2.18,163.04,1
Nifty 90's,28-08-2014,7662.5,7968.25,7540.1,7954.35,7661.47,8080.27,7481.98,7900.78,7242.67,8499.07,6823.87,16.43,76.4,113.28,7484.68,6555.47,2.33,179.72,1
Nifty 90's,30-09-2014,7990.35,8180.2,7841.8,7964.8,7820.9,8249.05,7673.55,8101.7,7392.75,8677.2,6964.6,18.41,76.48,112.27,7644.72,6689.69,2.58,178.05,1
Nifty 90's,31-10-2014,7960.5,8330.75,7723.85,8322.2,7995.6,8334,7811,8149.4,7657.2,8672.4,7318.8,20.46,79.1,120.18,7870.54,6845.17,2.78,186.71,1
Nifty 90's,28-11-2014,8348.15,8617,8290.25,8588.25,8125.6,8732.5,7920.45,8527.35,7518.7,9339.4,6911.8,22.73,80.82,119.8,8109.78,7011.18,3.18,195.13,1
Nifty 90's,31-12-2014,8605.1,8626.95,7961.35,8282.7,8498.5,8825.25,8380,8706.75,8171.75,9152,7845,23.67,73.37,94.76,8167.42,7132.28,2.12,166.03,1
Nifty 90's,30-01-2015,8272.8,8996.6,8065.45,8808.9,8290.33,8955.93,7953.72,8619.32,7624.73,9621.53,6959.13,25.07,77.26,92.74,8381.25,7291.95,2.53,167.65,1
Nifty 90's,28-02-2015,8802.5,8941.1,8470.5,8901.85,8623.65,9554.8,8250.7,9181.85,7692.5,10485.95,6761.35,26.38,77.87,82.12,8554.78,7445.28,2.53,160.4,1
Nifty 90's,31-03-2015,8953.85,9119.2,8269.15,8491,8771.15,9241.75,8601.2,9071.8,8300.55,9712.35,7829.95,26.9,69,65.19,8533.52,7544.87,2.01,115.46,0
Nifty 90's,30-04-2015,8483.7,8844.8,8144.75,8181.5,8626.45,9476.5,8133.7,8983.75,7776.4,10326.55,6926.35,26.97,63.16,42.07,8416.18,7605.5,1.77,55.45,0
Nifty 90's,29-05-2015,8230.05,8489.55,7997.15,8433.65,8390.35,9090.4,7935.9,8635.95,7690.3,9790.45,6990.25,26.56,65.7,32.25,8422,7684.37,1.54,24.87,0
Nifty 90's,30-06-2015,8417.25,8467.15,7940.3,8368.5,8306.78,8799.18,8124.02,8616.42,7814.38,9291.58,7321.98,26,64.46,30.68,8404.17,7749.53,1.46,-5.98,0
Nifty 90's,31-07-2015,8376.25,8654.75,8315.4,8532.85,8258.65,8785.5,8050.15,8577,7731.8,9312.35,7204.95,25.89,66.2,39.64,8447.06,7824.13,1.64,-20.72,0
Nifty 90's,31-08-2015,8510.65,8621.55,7667.25,7971.3,8501,8840.35,8347.25,8686.6,8161.65,9179.7,7822.3,24.12,56.13,19.26,8288.47,7838.15,0.98,-70.86,0
Nifty 90's,30-09-2015,7907.95,8055,7539.5,7948.9,8086.7,9041,7551.85,8506.15,7132.4,9995.3,6178.1,22.78,55.76,19.18,8175.28,7848.69,0.9,-106,0
Nifty 90's,30-10-2015,7992.05,8336.3,7930.65,8065.8,7847.8,8363.3,7640.6,8156.1,7332.3,8878.8,6816.8,21.45,57.32,9.99,8138.79,7869.37,1.09,-120.76,0
Nifty 90's,30-11-2015,8054.55,8116.1,7714.15,7935.25,8110.92,8516.57,7885.53,8291.18,7705.27,8922.22,7299.62,20.14,54.99,8.56,8070.94,7875.65,0.94,-137.49,0
Nifty 90's,31-12-2015,7958.15,7979.3,7551.05,7946.35,7921.83,8323.78,7727.57,8129.52,7519.88,8725.73,7117.93,19.3,55.16,20.15,8029.41,7882.38,0.85,-145.22,0
Nifty 90's,29-01-2016,7938.45,7972.55,7241.5,7563.55,7825.57,8253.82,7671.83,8100.08,7397.32,8682.07,6969.07,19.16,48.49,9.93,7874.12,7852.01,0.7,-171.72,0
Nifty 90's,29-02-2016,7589.5,7600.45,6825.8,6987.05,7592.53,8323.58,7212.52,7943.57,6861.48,9054.63,6130.43,19.76,40.53,-8.82,7578.43,7769.64,0.57,-220.56,0
Nifty 90's,31-03-2016,7038.25,7777.6,7035.1,7738.4,7137.77,7912.42,6675.08,7449.73,6363.12,8687.07,5588.47,19.83,51.66,11.44,7631.76,7766.66,0.66,-195.6,1
Nifty 90's,29-04-2016,7718.05,7992,7516.85,7849.8,7517.03,8259.53,7256.47,7998.97,6774.53,9002.03,6032.03,19.33,53.06,27.22,7704.44,7774.58,0.77,-166.08,1
Nifty 90's,31-05-2016,7822.7,8213.6,7678.35,8160.1,7786.22,8261.37,7580.43,8055.58,7311.07,8736.52,6835.92,18.31,56.82,63.56,7856.32,7811.3,0.9,-122.19,1
Nifty 90's,30-06-2016,8179.2,8308.15,7927.05,8287.75,8017.35,8552.6,7821.1,8356.35,7482.1,9087.85,6946.85,17.13,58.3,72.49,8000.13,7856.67,0.96,-82.96,1
Nifty 90's,29-07-2016,8313.05,8674.7,8287.55,8638.5,8174.32,8555.42,8040.48,8421.58,7793.22,8936.52,7412.12,16.6,62.14,83.33,8212.92,7931.13,1.21,-34.29,1
Nifty 90's,31-08-2016,8654.3,8819.2,8518.15,8786.2,8533.58,8920.73,8392.47,8779.62,8146.43,9307.88,7759.28,16.39,63.66,92.61,8404.01,8012.57,1.32,4.87,1
Nifty 90's,30-09-2016,8793.6,8968.7,8555.2,8611.15,8707.85,9008.9,8596.5,8897.55,8406.8,9309.95,8105.75,16.5,60.56,85.55,8473.06,8069.58,1.44,15.41,1
Nifty 90's,30-10-2016,8666.15,8806.95,8506.15,8625.7,8711.68,9125.18,8454.67,8868.17,8298.18,9538.68,7884.68,16.47,60.73,85.91,8523.94,8122.54,1.38,19.52,1
Nifty 90's,30-11-2016,8653.15,8669.6,7916.4,8224.5,8646.27,8947.07,8485.58,8786.38,8345.47,9247.87,8044.67,15.63,53.8,66.93,8424.13,8132.25,0.91,-7.19,0
Nifty 90's,30-12-2016,8244,8274.95,7893.8,8185.8,8270.17,9023.37,7870.73,8623.93,7516.97,9776.57,6763.77,14.91,53.17,42.21,8344.68,8137.35,0.9,-28.67,0
Nifty 90's,31-01-2017,8210.1,8672.7,8133.8,8561.3,8118.18,8499.33,7961.42,8342.57,7737.03,8880.48,7355.88,14.37,58.28,45.42,8416.89,8177.73,1.16,-19.24,0
Nifty 90's,28-02-2017,8570.35,8982.15,8537.5,8879.6,8455.93,8994.83,8239.17,8778.07,7917.03,9533.73,7378.13,14.48,62.05,62.19,8571.13,8244.57,1.38,5.46,0
Nifty 90's,31-03-2017,8904.4,9218.4,8860.1,9173.75,8799.75,9244.4,8617.35,9062,8355.1,9689.05,7910.45,15.02,65.19,83.81,8772,8333.06,1.56,36.88,1
Nifty 90's,28-04-2017,9220.6,9367.15,9075.15,9304.05,9084.08,9442.38,8949.77,9308.07,8725.78,9800.68,8367.48,15.76,66.51,89.29,8949.35,8425.54,1.68,60.32,1
Nifty 90's,31-05-2017,9339.85,9649.6,9269.9,9621.25,9248.78,9540.78,9130.42,9422.42,8956.78,9832.78,8664.78,16.92,69.54,95.64,9173.32,8539.42,1.94,89.33,1
Nifty 90's,30-06-2017,9603.55,9709.3,9448.75,9520.9,9513.58,9893.28,9377.57,9757.27,9133.88,10272.98,8754.18,18.08,67.46,93.91,9289.18,8632.89,1.99,93.45,1
Nifty 90's,31-07-2017,9587.95,10114.85,9543.55,10077.1,9559.65,9820.2,9410,9670.55,9299.1,10080.75,9038.55,19.74,72.39,99.23,9551.82,8770.43,2.41,123.45,1
Nifty 90's,31-08-2017,10101.05,10137.85,9685.55,9917.9,9911.83,10483.13,9708.82,10280.12,9340.53,11054.43,8769.23,21.32,69.16,95.99,9673.85,8879.72,2.44,122.15,1
Nifty 90's,29-09-2017,9937.65,10178.95,9687.55,9788.6,9913.77,10366.07,9689.68,10141.98,9461.47,10818.37,9009.17,22.84,66.56,87.47,9712.1,8966.28,2.49,102.94,1
Nifty 90's,31-10-2017,9893.3,10384.5,9831.05,10335.3,9885.03,10376.43,9591.12,10082.52,9393.63,10867.83,8902.23,24.55,71.44,84.14,9919.83,9096.66,2.75,116.41,1
Nifty 90's,30-11-2017,10390.35,10490.45,10094,10226.55,10183.62,10737.07,9982.73,10536.18,9630.17,11290.52,9076.72,26.27,69.28,77.25,10022.07,9204.27,2.9,107.57,1
Nifty 90's,29-12-2017,10263.7,10552.4,10033.35,10530.7,10270.33,10666.78,10050.22,10446.67,9873.88,11063.23,9477.43,27.96,71.85,84.19,10191.61,9330.6,2.99,111.31,1
Nifty 90's,31-01-2018,10531.7,11171.55,10404.65,11027.7,10372.15,10891.2,10191.9,10710.95,9853.1,11410.25,9334.05,30.24,75.46,89.37,10470.31,9492.22,3.99,134.79,1
Nifty 90's,28-02-2018,11044.55,11117.35,10276.3,10492.85,10867.97,11634.87,10564.38,11331.28,10101.07,12401.76,9334.17,31.88,65.69,70.22,10477.82,9587.52,3.26,103.26,0
Nifty 90's,28-03-2018,10479.95,10525.5,9951.9,10113.7,10628.83,11469.88,10140.32,10981.37,9787.78,12310.93,8946.73,32.25,59.78,50.94,10356.45,9637.63,2.18,48.6,0
Nifty 90's,30-04-2018,10151.65,10759,10111.3,10739.35,10197.03,10770.63,9868.57,10442.17,9623.43,11344.23,9049.83,32.94,65.32,42.66,10484.08,9742.56,2.44,46.33,0
Nifty 90's,31-05-2018,10783.85,10929.2,10417.8,10736.15,10536.55,11184.25,10314.1,10961.8,9888.85,11831.95,9241.15,33.8,65.27,49.94,10568.1,9837.19,2.64,36.76,0
Nifty 90's,29-06-2018,10738.45,10893.25,10550.9,10714.3,10694.38,11205.78,10459.57,10970.97,10182.98,11717.18,9671.58,34.61,64.91,60.94,10616.84,9920.72,2.64,21.86,0
Nifty 90's,31-07-2018,10732.35,11366,10604.65,11356.5,10719.48,11061.83,10545.72,10888.07,10377.13,11404.18,10034.78,35.95,70.15,68.24,10863.39,10057.46,3.29,46.73,1
Nifty 90's,31-08-2018,11359.8,11760.2,11234.95,11680.5,11109.05,11870.4,10852.1,11613.45,10347.7,12631.75,9586.35,37.59,72.39,81.28,11135.76,10212.04,3.87,74.8,1
Nifty 90's,28-09-2018,11751.8,11751.8,10850.3,10930.45,11558.55,12083.8,11356.9,11882.15,11033.3,12609.05,10508.05,37.85,60.98,61.22,11067.32,10280.46,2.4,34.69,0
Nifty 90's,31-10-2018,10930.9,11035.65,10004.55,10386.6,11177.52,12079.02,10603.23,11504.73,10276.02,12980.52,9374.52,35.98,54.3,31.99,10840.42,10290.57,1.26,-32.97,0
Nifty 90's,30-11-2018,10441.7,10922.45,10341.9,10876.75,10475.6,11506.7,9915.55,10946.65,9444.5,12537.8,8413.4,34.24,58.69,33.52,10852.53,10346.39,1.26,-48.28,0
Nifty 90's,31-12-2018,10930.7,10985.15,10333.85,10862.55,10713.7,11294.25,10504.95,11085.5,10133.15,11874.8,9552.6,32.74,58.52,41.78,10855.87,10395.55,1.3,-62.06,0
Nifty 90's,31-01-2019,10881.7,10987.45,10583.65,10830.95,10727.18,11378.48,10469.22,11120.52,10075.88,12029.79,9424.58,31.35,58.1,42.76,10847.56,10437.02,1.31,-75.13,0
Nifty 90's,28-02-2019,10851.35,11118.1,10585.65,10792.5,10800.68,11204.48,10613.92,11017.72,10396.88,11608.28,9993.08,30.31,57.56,40.06,10829.21,10470.87,1.4,-87.33,0
Nifty 90's,29-03-2019,10842.65,11630.35,10817,11623.9,10832.08,11364.53,10546.07,11078.52,10299.63,11896.98,9767.18,30.22,65.08,59.09,11094.11,10580.69,1.82,-42.63,1
Nifty 90's,30-04-2019,11665.2,11856.15,11549.1,11748.15,11357.08,12170.43,11083.82,11897.17,10543.73,12983.78,9730.38,30.47,66.04,67.45,11312.12,10691.87,2.02,-9.65,1
Nifty 90's,31-05-2019,11725.55,12041.15,11108.3,11922.8,11717.8,12024.85,11579.45,11886.5,11410.75,12331.9,11103.7,29.55,67.41,81.47,11515.68,10809.1,1.43,17.5,1
Nifty 90's,28-06-2019,11953.75,12103.05,11625.1,11788.85,11690.75,12623.6,11340.35,12273.2,10757.9,13556.45,9825.05,28.8,65.24,86.37,11606.74,10902.41,1.47,19.83,1
Nifty 90's,31-07-2019,11839.9,11981.75,10999.4,11118,11839,12316.95,11574.95,12052.9,11361.05,12794.9,10883.1,26.77,55.59,63.99,11443.82,10922.95,0.99,-27.82,0
Nifty 90's,30-08-2019,11060.2,11181.45,10637.15,11023.25,11366.38,12348.73,10751.02,11733.37,10384.03,13331.08,9401.68,25.55,54.37,36.87,11303.63,10932.5,0.82,-67.47,0
Nifty 90's,30-09-2019,10960.95,11694.85,10670.25,11474.45,10947.28,11491.58,10713.12,11257.42,10402.98,12035.88,9858.68,24,59,37.52,11360.57,10984.11,1.08,-65.04,0
Nifty 90's,31-10-2019,11515.4,11945,11090.15,11877.45,11279.85,12304.45,10864.85,11889.45,10255.25,13329.05,9230.65,22.99,62.64,56.97,11532.87,11069.19,1.22,-39.28,0
Nifty 90's,29-11-2019,11886.6,12158.8,11802.65,12056.05,11637.53,12492.38,11330.07,12184.92,10782.68,13347.23,9927.83,22.39,64.16,77.2,11707.26,11163.18,1.34,-14.48,1
Nifty 90's,31-12-2019,12137.05,12293.9,11832.3,12168.45,12005.83,12361.98,11852.87,12209.02,11649.68,12718.13,11293.53,22.04,65.12,78.67,11860.99,11258.92,1.43,4.22,1
Nifty 90's,31-01-2020,12202.15,12430.5,11929.6,11962.1,12098.22,12559.82,11902.53,12364.13,11636.62,13021.42,11175.01,21.94,61.84,68.88,11894.69,11325.89,1.52,-2.23,1
Nifty 90's,28-02-2020,11939,12246.7,11175.05,11201.75,12107.4,12608.3,11784.3,12285.2,11606.5,13109.2,11105.6,20.44,51.54,37.94,11663.71,11314.07,0.98,-59.46,0
Nifty 90's,31-03-2020,11387.35,11433,7511.1,8597.75,11541.17,12612.82,10835.63,11907.28,10469.52,13684.47,9397.87,22.47,31.92,-5.33,10641.72,11055.37,0.34,-263.03,0
Nifty 90's,30-04-2020,8584.1,9889.05,8055.8,9859.9,9180.62,13102.52,6928.23,10850.13,5258.72,17024.42,1336.82,24.35,43.21,9.43,10381.12,10941.51,0.34,-300.34,0
Nifty 90's,29-05-2020,9513,9598.85,8806.75,9580.3,9268.25,11101.5,8647.45,10480.7,7435,12934.75,5601.75,26.13,41.56,13.47,10114.18,10811.88,0.34,-329.17,0
Nifty 90's,30-06-2020,9706.95,10553.15,9544.35,10302.1,9328.63,10120.73,9058.42,9850.52,8536.53,10912.83,7744.43,26.32,47.15,30.67,10176.82,10763.33,0.55,-286.54,1
Nifty 90's,31-07-2020,10316.4,11341.4,10299.6,11073.45,10133.2,11142,9713.25,10722.05,9124.4,12150.8,8115.6,25.51,52.39,42.12,10475.7,10792.86,0.74,-197.52,1
Nifty 90's,31-08-2020,11047.5,11794.25,10882.25,11387.5,10904.82,11946.62,10468.23,11510.03,9863.02,12988.42,8821.21,24.24,54.37,55.51,10779.63,10849.49,0.86,-112.84,1
Nifty 90's,30-09-2020,11247.65,11252.45,11241.15,11244.65,11252.95,11276.9,11238.2,11262.15,11229,11300.85,11205.05,11.54,49.26,17.41,11253.55,11250.64,1.04,-1.55,1
